names,last_names,email,password
Roxanne,Voce,rvoce0@a8.net,gI2i<ntUxwz`Q*>V
Gabbie,Broady,gbroady1@bloomberg.com,dB6prqg'y
Martie,Lyttle,mlyttle2@discuz.net,gK6~.fC*c5#g5
Sargent,Corker,scorker3@tinyurl.com,"pD5*.h)Mo,\"
Roshelle,Drysdell,rdrysdell4@cmu.edu,cX4Q%2z$y\W|!bB
Maddie,Grabert,mgrabert5@army.mil,"eS0tta""&z4"
Moise,Joyce,mjoyce6@tumblr.com,jL1y!JeQB8U
Maritsa,Frankland,mfrankland7@purevolume.com,gG2RX3tT@Y'
Verene,Brashaw,vbrashaw8@cbslocal.com,jU3M\5Pic1|k
Genny,Baish,gbaish9@tumblr.com,rD62=<TRtIpj5
Vassili,Larcier,vlarciera@aol.com,fI5}c|N7q%/g
Phillip,Waghorn,pwaghornb@aboutads.info,vC63ClH+D
Bengt,Paradin,bparadinc@independent.co.uk,xU65w&F@SNwE
Trevar,Brantzen,tbrantzend@si.edu,sC7z5vYLdyxt(
Kania,Broadwell,kbroadwelle@cyberchimps.com,"sZ3,@m83V(\wzKGM"
Gaston,Monahan,gmonahanf@ask.com,lI7a(*?!R1%30
Dorine,Bedwell,dbedwellg@wired.com,zG0R@>M}+&}i/o
Philippe,Hollebon,phollebonh@theglobeandmail.com,vK0&O/7KEN8L4tU
Gertrude,Morewood,gmorewoodi@bandcamp.com,mX6l*TAXdoR>
Genia,Krelle,gkrellej@indiegogo.com,"vE6\MI""&3x&y"
Sigismund,Croot,scrootk@tiny.cc,gK7Jdvgoj
Terrie,Grisley,tgrisleyl@usatoday.com,rM1.Tu#C#it/h/o
Ab,Tolman,atolmanm@japanpost.jp,aE4=f2Rm8gWPRm9
Jimmy,Mattam,jmattamn@chronoengine.com,wE0(`NFk9Eu%
Christean,Bourcq,cbourcqo@accuweather.com,qK1_r!aR9_.vBn7
Tony,Sharvell,tsharvellp@businesswire.com,fU2a/th&4M5
Luigi,MacVagh,lmacvaghq@dedecms.com,kQ7KoBo+)`)P
Corrina,Jeyness,cjeynessr@smugmug.com,aP9=P}M0Bd
Bartholomew,Scriver,bscrivers@liveinternet.ru,pZ3NUwZD
Hyacinthie,Matias,hmatiast@miitbeian.gov.cn,hW9mIOHH'c8pl<
Jeannine,Slee,jsleeu@jalbum.net,tR9O?54BHc
Dwayne,Semple,dsemplev@mashable.com,aR1`d(>v
Matteo,Jagson,mjagsonw@dailymotion.com,gG8{W~c7
Asia,Bauchop,abauchopx@accuweather.com,dC2Gz0|Wd6YRtB}W
Moishe,Danit,mdanity@amazon.com,tR313ZX0df
Cam,Gresswood,cgresswoodz@salon.com,dP5{2W%xyQFh~)4
Derry,Willishire,dwillishire10@qq.com,pT3V|(IE}WBE
Lorelle,O'Hern,lohern11@gizmodo.com,"jP8EOA""~Hh2p$"
Paloma,Davydochkin,pdavydochkin12@miibeian.gov.cn,uR7f#)3q
Orly,Freckingham,ofreckingham13@statcounter.com,iH8#z~u$V7C4/S
Gunilla,Cashman,gcashman14@techcrunch.com,nV7f@mS1i.P$Y(q
Elisha,Alcott,ealcott15@chicagotribune.com,vD0!s7XP'
Kathye,Foxton,kfoxton16@arstechnica.com,"iP1pc,H+z"
Annie,Jankin,ajankin17@washington.edu,tV0ANV8x
Mechelle,Attrey,mattrey18@mac.com,eR6Z|wd~
Hodge,Winspurr,hwinspurr19@howstuffworks.com,aV5x|J!Ty
Jori,Diche,jdiche1a@census.gov,fR5H~1KOoW>TAC
Lilly,Egarr,legarr1b@free.fr,qA0.AyG)y?y
Leonerd,Methringham,lmethringham1c@zdnet.com,cH1@0S6ud
Cloris,Fuidge,cfuidge1d@usnews.com,oL2?5j<D
Caralie,Marikhin,cmarikhin1e@census.gov,kS1~).tjl5
Manya,Cowderoy,mcowderoy1f@yellowpages.com,aK5O>H#pJ#6
Hanan,MacGarrity,hmacgarrity1g@springer.com,iB1`AW?rX$G
Cinda,Peplow,cpeplow1h@cam.ac.uk,oO2Lkcu`aTM>
Violet,Mackstead,vmackstead1i@nifty.com,hK4'<63tv|PIh\6
Kristen,Garretts,kgarretts1j@tumblr.com,rH7kk&wskFKeY
Derk,Braywood,dbraywood1k@trellian.com,sL0\IM=`#&$&
Sybila,Slowgrave,sslowgrave1l@imdb.com,"mW7&dij,bUst="
Agata,Boyall,aboyall1m@census.gov,fJ4U(@*I
Giuseppe,Winspeare,gwinspeare1n@yahoo.co.jp,"pP2$,0+eovqWwWI"
Melisent,Radage,mradage1o@ucla.edu,mB1Wq!yj7v\t
Gussy,Cheese,gcheese1p@shop-pro.jp,"iR2ifKa|Z,)u"
Rice,McCurry,rmccurry1q@state.tx.us,"cN8).%c."""
Birdie,Breakey,bbreakey1r@prlog.org,zI0*t/q=t8
Packston,Dunrige,pdunrige1s@gmpg.org,lM7DgG\nGG
Daron,Barden,dbarden1t@samsung.com,zI6JvIzRTZ
Gena,Eicheler,geicheler1u@reuters.com,tN6rB!xhD
Lia,Drewery,ldrewery1v@nih.gov,tY9F<A0O
Jessee,Gifford,jgifford1w@paypal.com,"pU54/,3~1LUX"
Melisent,Thatcher,mthatcher1x@devhub.com,aW8p(b.0p=
Keane,Padwick,kpadwick1y@theatlantic.com,tU12jA.J`ka1)}YB
Jacinda,Bixley,jbixley1z@paginegialle.it,lV0d+HarrK
Carlyn,Janczak,cjanczak20@vk.com,vH0rszHHN!8VCKs#
Linn,Botwright,lbotwright21@stanford.edu,yA3<KlzDjkWHJjk
Quinton,Ferrieroi,qferrieroi22@latimes.com,bF8i|s2)dyjS+
Florry,Cassella,fcassella23@bloglines.com,yA6m3y5<rB!!
Heather,Von Welldun,hvonwelldun24@forbes.com,zC9#T6T9~
Sherie,Brolechan,sbrolechan25@china.com.cn,xZ3VmHxhW5?
Jacquenetta,Mockes,jmockes26@slashdot.org,xM130h?Pt#
Dieter,Duigenan,dduigenan27@earthlink.net,sL65k%i0G#T<9m0Y
Bill,Bang,bbang28@geocities.com,tS1B(2VHO(Khj
Ronalda,Larimer,rlarimer29@wp.com,"cD13A7n""KT"
Engelbert,Spadollini,espadollini2a@scientificamerican.com,hV6MB=2&l/3q|
Minnaminnie,Lineham,mlineham2b@ning.com,fW9u_dp4o(Ph}y
Viviyan,Cramond,vcramond2c@vk.com,eJ8Ruh*/#MhHTQn
Emily,Flowerden,eflowerden2d@linkedin.com,nK8_)+'6Gzh
Husein,Learmount,hlearmount2e@about.me,kC6yk~(?av
Rosalia,Duggan,rduggan2f@nationalgeographic.com,pQ79oHATN8
John,Shacklady,jshacklady2g@slideshare.net,rU7a2mm3Go&U
Orelle,Claire,oclaire2h@hatena.ne.jp,sW2`rw01
Daffie,Braund,dbraund2i@stanford.edu,yL8HItF6OCf'
Camilla,Gerardeaux,cgerardeaux2j@4shared.com,"nA26~_Q""!\5"
Stanton,Demkowicz,sdemkowicz2k@exblog.jp,aW59~XgF|I62!8D(
Gibb,Welland,gwelland2l@army.mil,qJ0`p=_W
Wolfie,Castletine,wcastletine2m@vkontakte.ru,bA8RK9>F''Khl6H
Randene,Grimwad,rgrimwad2n@pbs.org,"pP1Ls?iv{4,qg7j"
Alexandr,MacAlpyne,amacalpyne2o@usa.gov,xA403ql9oew
Syman,Cardillo,scardillo2p@xinhuanet.com,lX0S/52)K`L~bX
Geri,Philippeaux,gphilippeaux2q@sohu.com,"wS1S""bUykP0P\%D"
Bevan,Snoden,bsnoden2r@360.cn,tU7~%J7E4F?Y
Farlay,Whetson,fwhetson2s@amazon.co.uk,yV0ZkF<U8
Tobin,Palliser,tpalliser2t@disqus.com,pF0um0tD
Marla,Toderini,mtoderini2u@imdb.com,fX2{B2jlr
Lennie,Laughren,llaughren2v@aboutads.info,uA9!W6m*5>J$S
Vasily,De Courtney,vdecourtney2w@moonfruit.com,aN5hblt0
Kristos,Works,kworks2x@comcast.net,jM7mw`X3'
Sophie,Burbury,sburbury2y@about.com,zE7Dz1X8p!Z&u
Waldo,Baudone,wbaudone2z@discovery.com,tX1($Hz/9`Q=
Ferdy,Keir,fkeir30@epa.gov,vM5m)hEq}Fi
Kellen,Hatton,khatton31@adobe.com,iV4F{`mlE7~%T+J!
Tamiko,Jeffreys,tjeffreys32@mysql.com,"wT5,R01oW<&VP&($"
Liva,Graddon,lgraddon33@twitpic.com,gD4eb8U0F
Rhodia,Drever,rdrever34@marketwatch.com,yA2&yFPag
Letty,Mardell,lmardell35@google.cn,lE8X9iZA>G&?ir
Shelba,Bigland,sbigland36@dailymotion.com,cO7Pb5HmCrRRYml
Ginny,Beckworth,gbeckworth37@github.io,jL82R41>B
Dore,Cirlos,dcirlos38@timesonline.co.uk,yT8rG02O`E4Ii
Derwin,Beechcraft,dbeechcraft39@php.net,fS8g$Tfiwo
Cate,Brugden,cbrugden3a@npr.org,kK4\w>vIfTdo
Susann,Annetts,sannetts3b@ameblo.jp,xB2LhTueB}JsrlC
Moshe,Andreone,mandreone3c@chronoengine.com,nY9v$F@\c@Q)j96
Milka,Chastang,mchastang3d@ibm.com,aK2S'0/3
Wilt,Villalta,wvillalta3e@forbes.com,hC9$'f'<@q
Myrvyn,Stainton,mstainton3f@sakura.ne.jp,lW0To2H3=
Matty,Dewan,mdewan3g@businesswire.com,"aQ0gk`""#OuDx~X"
Christyna,de Keep,cdekeep3h@123-reg.co.uk,qW0zB6Xc@
Nicholle,Haynesford,nhaynesford3i@cisco.com,bD62>jiw_H\%97F
Garrot,Martt,gmartt3j@wufoo.com,"uH3/T,1E.hYU"
Nan,Scatcher,nscatcher3k@mayoclinic.com,aF1B4A}}
Junie,Faltskog,jfaltskog3l@buzzfeed.com,fK49X/x57{n
Emlyn,Bergen,ebergen3m@mtv.com,rZ7Zs7|2\.
Leona,Loukes,lloukes3n@ifeng.com,wJ9EO~4McPss=Bng
Horatius,Cumberlidge,hcumberlidge3o@marketwatch.com,cG4*!~>&ODZaF
Merrily,Janjusevic,mjanjusevic3p@scribd.com,"rU0mH/~,3"
Amie,Seif,aseif3q@nih.gov,cE5qF5vVxl
Clerc,Revely,crevely3r@jalbum.net,gP9IJcEa
Stafani,Mailes,smailes3s@cocolog-nifty.com,nK4/|e?pO\
Cassey,Swigger,cswigger3t@wikipedia.org,wE5SlBjE.@
Ailis,Melesk,amelesk3u@acquirethisname.com,lZ5xK.EmaTSE
Ivonne,Juschke,ijuschke3v@ted.com,"pW7Q=X"".X"
Angil,Whitney,awhitney3w@java.com,dA0&5G`p
Valma,Flowerden,vflowerden3x@hatena.ne.jp,wL2GY'Z`GgXI(D
Lyndel,Thomsen,lthomsen3y@wp.com,xQ9M&/i.0|H%kzx?
Gregoor,Ennals,gennals3z@amazon.com,"iR9re#H="""
Laurella,Kumaar,lkumaar40@rediff.com,"dC0}oCE,t1AD.|Tf"
Xaviera,Crossthwaite,xcrossthwaite41@joomla.org,uG493%)~!
Perl,Cotgrave,pcotgrave42@ebay.co.uk,"zY3?2F""Q"
Babs,Waith,bwaith43@accuweather.com,"yE6Hfh&=OU_W.8"""
Melisse,Arkle,markle44@fc2.com,"oM9MH""jS<I"
Rivi,Grolmann,rgrolmann45@github.io,"mN5xwX,27k2Yp?i"
Quillan,Kinleyside,qkinleyside46@bizjournals.com,wR59Yw'/
Helge,Studdeard,hstuddeard47@ucoz.ru,"rP7,8UsjHr"
Jerrie,Nottram,jnottram48@photobucket.com,"aC1XU/'yC#,c"
Gwen,Middlemiss,gmiddlemiss49@wisc.edu,jB3@WYh1Bf9>
Ellynn,Alfonzo,ealfonzo4a@bluehost.com,"aS4>%,O#"
Sophi,Clerc,sclerc4b@wikimedia.org,rR4FZLz*+ZdI?}{a
Rochester,Rush,rrush4c@creativecommons.org,eH3I<@HH*_Sd
Leisha,Horsewood,lhorsewood4d@china.com.cn,cW6/.lxCn?pfC*G$
Shaun,Fairleigh,sfairleigh4e@bloglovin.com,jR4~KD+V8k`?<
Jaquelin,Couthard,jcouthard4f@washingtonpost.com,eP94S=dmi3iI/
Miles,Drinan,mdrinan4g@ebay.co.uk,jI36{GFl$
Rodolph,Ivashnikov,rivashnikov4h@digg.com,aQ4iJFn7{ofn5
Helene,Spellecy,hspellecy4i@redcross.org,"yY9q6i\EIp""h"
Jemima,Geraud,jgeraud4j@accuweather.com,"mY0<!qsY/"""
Kipp,Jedrzaszkiewicz,kjedrzaszkiewicz4k@cargocollective.com,bG3=.Lg5z!OKZvi
Eleanora,Charette,echarette4l@discuz.net,"bL94@r+Uff0""L"")"
Jefferey,Benasik,jbenasik4m@usgs.gov,"aM4K&,I.~P&~yC%"
Jody,Schoolcroft,jschoolcroft4n@house.gov,xL0W#_XNVS$}u
Lesli,Doel,ldoel4o@marriott.com,dU2?o(Bb)+hEjt
Keen,Livermore,klivermore4p@house.gov,"bQ5usLfJz""<1,C)"
Ailbert,Flack,aflack4q@wsj.com,rM6`}nEJtFck1mwk
Franky,Ladbrooke,fladbrooke4r@japanpost.jp,wD8a#R6Y)
Vallie,Yanele,vyanele4s@fda.gov,eS51=Htqv
Onida,Hughesdon,ohughesdon4t@yelp.com,"xM5r,e~c.xqO*W"
Clari,Hoyles,choyles4u@nytimes.com,tH780+{Asv
Demetris,Tonge,dtonge4v@hexun.com,oA0?Hr{iElcPz
Lionel,Cargon,lcargon4w@xrea.com,oK2eI{O'aH6y}
Virginie,Lozano,vlozano4x@phoca.cz,gG8\{9N+kz(??/c$
Gustave,Rowledge,growledge4y@acquirethisname.com,eV7vceY#j
Sydney,Rubinsohn,srubinsohn4z@jalbum.net,wS5$v))/aOT22xwe
Mellie,Soeiro,msoeiro50@jigsy.com,kU0B!w&b0cUr
Lazarus,Thomasen,lthomasen51@mysql.com,"uM4i,=mPzJ)"
Barrie,Ronchka,bronchka52@deliciousdays.com,tV5c36T`L.cCV
Vasily,Bucknell,vbucknell53@sphinn.com,rD6W7%$Ht
Hilly,Wittke,hwittke54@arizona.edu,oR5mX~'dB1
Husain,Fowls,hfowls55@google.cn,cN2I+>4?m
Georgie,Whetson,gwhetson56@canalblog.com,oC8/x%*H_t'RJWkg
Annalise,Riepl,ariepl57@odnoklassniki.ru,yM7uh)h#iA9Zb2w
Kizzee,Alenshev,kalenshev58@examiner.com,sK5thrWuE+tS<
Eileen,Sholem,esholem59@desdev.cn,qN8h&e'H\dlK1~~
Phineas,Labba,plabba5a@comcast.net,pG3ml<7NUOb1
Odella,Tickle,otickle5b@quantcast.com,"zM8zQI(w""vy$\"
Dniren,Valett,dvalett5c@etsy.com,"kK0=jy""mwWn"
Edmon,Jacobsson,ejacobsson5d@huffingtonpost.com,vI2=`IWsO
Magdaia,Poe,mpoe5e@free.fr,oX0?Sv*eN
Godfree,Di Nisco,gdinisco5f@sakura.ne.jp,wD9fcF'.m(ZU
Iggie,Gradwell,igradwell5g@blogs.com,cW3TiXJ?z&|nXB
Lezley,Tall,ltall5h@spiegel.de,uP5AAOXn9e@Z
Ardisj,Consterdine,aconsterdine5i@about.com,pR3k&Fz.TAR~$~K
Monty,Reynoldson,mreynoldson5j@parallels.com,"nM8C*acZFLF&K,l"
Joella,Defries,jdefries5k@xrea.com,vS7pe#H6gtk)OEl
Titos,Phalp,tphalp5l@artisteer.com,qN6}0q+)Bj7*
Arthur,Halls,ahalls5m@cyberchimps.com,xC5Vg<9nab0w\
Dolley,Shobbrook,dshobbrook5n@berkeley.edu,vT8Y@9TOq4tW~3
Aharon,Boar,aboar5o@vistaprint.com,hW9+l>3U
Trenton,Brandom,tbrandom5p@aboutads.info,lH2W11=JmjT'
Haven,Kliemann,hkliemann5q@sfgate.com,sX3K<?bLvPNY)
Barbe,Ramirez,bramirez5r@stanford.edu,qN4S*x5<opwo
Sydney,Hegg,shegg5s@google.de,"kG8oJRBl9wg#""B!"
Frayda,McElwee,fmcelwee5t@drupal.org,sZ0`_gnTS@yKB
Shaughn,Stranks,sstranks5u@theatlantic.com,tE0dEC.u%SwNia$
Tiphani,Veness,tveness5v@hatena.ne.jp,rX0>j6/*_GukX
Gil,Goulborn,ggoulborn5w@slideshare.net,mK0a'/*ei+~S
Janaya,Kester,jkester5x@webeden.co.uk,pK5!DC42'di3Uao5
Kikelia,Crusham,kcrusham5y@google.es,rS1MCB$Dx/Dj.iI
Vivi,Kilrow,vkilrow5z@washingtonpost.com,jB7{H*##uAH3)_x
Lee,Shearstone,lshearstone60@jigsy.com,tY6jF)2hBP_
Ewen,Rawles,erawles61@cornell.edu,eT5YV>>gBV`w|d
Stevie,Ferrierio,sferrierio62@wikipedia.org,xU9sYSP9h
Penni,Monkley,pmonkley63@loc.gov,iG2QCn\7
Ripley,Sheehy,rsheehy64@va.gov,eR7Rvdc_k4Lt
Wilmer,Cumesky,wcumesky65@reuters.com,dE0E>y'qeHrA_O
Caprice,Snel,csnel66@blogspot.com,xS0}YiPAGin
Albrecht,Maunder,amaunder67@xinhuanet.com,gQ9u.ac&Wd7wBm
Renard,Bloom,rbloom68@spiegel.de,cT75Un||'
Antonius,Eloi,aeloi69@hc360.com,mD17SDK7
Rabi,Barck,rbarck6a@youtube.com,hV4M9}&X<
Sheppard,Pharaoh,spharaoh6b@nps.gov,pQ9F4EAM
Kendre,Luckey,kluckey6c@addtoany.com,eM9D`pl#<\7LU)FF
Merrill,Tapscott,mtapscott6d@ox.ac.uk,oH4#Yq>3
Renado,Phillcock,rphillcock6e@cam.ac.uk,"jQ24S&O""qx"
Douglass,Pledger,dpledger6f@rambler.ru,tY7?p*I+DE
Janis,Benbough,jbenbough6g@ow.ly,mU5'#Q#I{
Abbie,Rashleigh,arashleigh6h@skype.com,tW9\ZtPA
Jerry,Boggish,jboggish6i@independent.co.uk,bP3&UTPD)3
Fancie,Erington,ferington6j@sun.com,gT7Cn(m'Kf=u|
Tailor,Resdale,tresdale6k@xrea.com,gF7mM.Y/BkRzT
Graig,Fenkel,gfenkel6l@biglobe.ne.jp,dG0a$A9|#8
Wyatan,Bonanno,wbonanno6m@patch.com,eF9uekXBC
Benedikt,Deftie,bdeftie6n@google.co.uk,uN4g_Svo7
Flemming,Corless,fcorless6o@uol.com.br,kN3a8Xyg)=k9Lh
Delphinia,Fahey,dfahey6p@wikimedia.org,pA3H2y6jL
Randi,Monkeman,rmonkeman6q@un.org,fE3%&eq<2FSiA3{
Davine,Cristea,dcristea6r@last.fm,wV8h!CCXL
Talia,Attwoull,tattwoull6s@over-blog.com,yX8bAEu?p/{
Shepherd,Wike,swike6t@chicagotribune.com,"oS3/NC,+.A"
Hatty,Marnane,hmarnane6u@pbs.org,vF0Ook!7su0
Adamo,Gatecliffe,agatecliffe6v@flickr.com,mA4@J<a6+4pt2dN
Dukey,Rivlin,drivlin6w@nydailynews.com,iJ8tBP\caGpo0
Twyla,Drennan,tdrennan6x@cbslocal.com,iF9R>4?+Q\G6mv}T
Marshall,Piotrkowski,mpiotrkowski6y@foxnews.com,hD4C!jNYTXsy)4
Dougie,Kiddye,dkiddye6z@ameblo.jp,zO1H*=q/
Sherman,Barnwall,sbarnwall70@ning.com,qD5>|CO#fZX)
Renie,Willden,rwillden71@multiply.com,uC6I1zdXwkGh9(
Tynan,Kalkofen,tkalkofen72@hubpages.com,dX6*HXQ6$j
Giles,MacGovern,gmacgovern73@hibu.com,uR7}Xz?\M`M0m
Steffi,Dougill,sdougill74@qq.com,gK50f2RGnT_
Twila,Teanby,tteanby75@seattletimes.com,"uJ6K9xNGW',"
Hetti,Chalk,hchalk76@meetup.com,wQ6LG/AG=oNAir
Alisa,Vittle,avittle77@stanford.edu,gM4u}rWOraGG
Brittne,Redborn,bredborn78@fastcompany.com,fE6UU%w+LRZpJ
Wilburt,Maleck,wmaleck79@4shared.com,aT0##P=tteS6x3
Elwin,Collie,ecollie7a@tinypic.com,"fM7M3\STW""~c|mg"
Carolee,Locock,clocock7b@simplemachines.org,"vF3""zFHE"
Elfrieda,Hughson,ehughson7c@mashable.com,uP7pr!I|v8QRCB#
Pauletta,Rabley,prabley7d@latimes.com,gI8_U*uHfN)
Alexandrina,McElvine,amcelvine7e@phoca.cz,bD8&8Q`BnJ=LE@V
Leeanne,Ogles,logles7f@ucoz.ru,pW0fcX{K>n
Oberon,Goullee,ogoullee7g@comsenz.com,"gX4u@*b6s$,"
Joaquin,Late,jlate7h@marriott.com,sX06%}DN2uA
Barbabas,Ewenson,bewenson7i@ibm.com,eF29?=Z+d_#eD
Magdaia,Rasher,mrasher7j@wsj.com,sY7)1=#rC}UD*
Emelia,Furlong,efurlong7k@bandcamp.com,cJ2y!6yE8G
Jandy,Logesdale,jlogesdale7l@bloglines.com,yZ4M'EJsJ67Vz
Haskell,Ajsik,hajsik7m@yolasite.com,sM0g<yd&Cc8bd&p
Stefan,Gegay,sgegay7n@csmonitor.com,oY9x5KO?ejKt%WA=
Ambur,McCaughey,amccaughey7o@apache.org,"nF1M`DdMa!""H0g"
Allayne,Rochelle,arochelle7p@about.com,qE1$s2!jcrT
Hazlett,Gilsthorpe,hgilsthorpe7q@ucla.edu,fA6P$k+slb|rxYgb
Doroteya,Bettleson,dbettleson7r@php.net,nX5I|e3vL.1z{fj
Lanie,Viegas,lviegas7s@berkeley.edu,tI9L9cqaY
Goraud,Josifovic,gjosifovic7t@utexas.edu,mT4jmc4_fh
Caitrin,Circuit,ccircuit7u@gizmodo.com,"nC1,>oA&4"
Forster,Touret,ftouret7v@lycos.com,xW9e%w2?h
Minne,Blazynski,mblazynski7w@domainmarket.com,fQ0Y(xsD
Piggy,Trinke,ptrinke7x@sphinn.com,mQ8=v>X&h8H?$T
Tabb,Pummery,tpummery7y@earthlink.net,hZ1W0!tk
Amara,Hunnawill,ahunnawill7z@4shared.com,rZ0hh\&<
Pattie,Kirwin,pkirwin80@quantcast.com,xW2aO3)atTh%c)`=
Welch,Maccaddie,wmaccaddie81@elpais.com,pF5niTcH*&\
Mikael,Gretton,mgretton82@xrea.com,vL1RmLa>eD\>zI
Claudette,Duffan,cduffan83@tripod.com,cT6@JDyNp
Gloriana,Lempel,glempel84@woothemes.com,oS6KS4KBn&d~
Yoshiko,Voyce,yvoyce85@furl.net,aH7Q_<JRvG!P
Ricky,Clamp,rclamp86@mtv.com,wK7la\XV
Joseph,Sudworth,jsudworth87@illinois.edu,kX3v<(M}+ZUh%`v
Alidia,Cawdell,acawdell88@mysql.com,tW4WM?%`c\WSo?6
Forster,McMechan,fmcmechan89@google.ru,oS1t$.XHOGa
Ame,Clynter,aclynter8a@gnu.org,kM4*Ea}z=T<5Q1@0
Sheppard,Arnaut,sarnaut8b@sourceforge.net,kI5P>78d*WU1C
Kristien,Pybworth,kpybworth8c@wikimedia.org,"xF2""LT&4KpSlX9&"
Kerry,Renish,krenish8d@addthis.com,dD1.`KRwmJ$V
Chet,O'Hdirscoll,cohdirscoll8e@prweb.com,kB4KlO|?$xa{
Yulma,Mumford,ymumford8f@senate.gov,"oJ5m=EME=)u,"
Tiphany,Hopkynson,thopkynson8g@psu.edu,tL83Yjv9Dp
Kenon,Champ,kchamp8h@upenn.edu,vH2SUr.MBq4tr+
Armando,MacShirrie,amacshirrie8i@nhs.uk,rS83h%!E7nX
Adriane,Old,aold8j@creativecommons.org,tS7peCpEE1G
Christean,Monksfield,cmonksfield8k@google.nl,kW5{rEOG{hmPa
Lucie,Cutbush,lcutbush8l@utexas.edu,pJ9(_GtSMmb'
Ludovico,Souley,lsouley8m@nbcnews.com,"nM8mu!""=Si"
Harley,Jacobowicz,hjacobowicz8n@zimbio.com,cT7uA!#DP.@Kh{
Beauregard,Heild,bheild8o@desdev.cn,"lR2m%""<.<FrISS"
Daniella,Comben,dcomben8p@about.me,"lW2wjz,6k"
Barbe,Ireland,bireland8q@cisco.com,uX6adyn+Ks<Ad&
Cindy,Tackett,ctackett8r@e-recht24.de,zD36~r4(qSRa2c
Kanya,Thunnercliff,kthunnercliff8s@smh.com.au,zB26=Jz?P|Vc
Melessa,Cisec,mcisec8t@deviantart.com,lD9jeIFZ@qehm<Xy
Lib,Greaterex,lgreaterex8u@jigsy.com,zR9=%nV.n~4j6W
Laurene,Fendlow,lfendlow8v@youtube.com,uQ5`7.h@l50oHjg
Phoebe,Hymans,phymans8w@ning.com,kE7RxwA`
Muffin,Latehouse,mlatehouse8x@baidu.com,"eX9TMV4Sg""{,&("
Timi,Tolmie,ttolmie8y@dailymail.co.uk,bH4jV1}&5o.X73#
Smitty,Collomosse,scollomosse8z@constantcontact.com,qQ5N9**EAdGjSG?
Lorettalorna,Trythall,ltrythall90@umich.edu,aF5EK'e@EfO#c
Bidget,Bevans,bbevans91@php.net,uW6l#.>+e{d{
Dukie,Pearcey,dpearcey92@pagesperso-orange.fr,gG8U/rfS~l*p1a
Rhetta,Munnis,rmunnis93@lulu.com,jH3e=%+/x2%v?P~
Damita,Legg,dlegg94@flickr.com,"sZ7wU3h_,)A@hT!T"
Bastien,Abrahami,babrahami95@hexun.com,xS0gWFR.?0%}
Rhody,Le Borgne,rleborgne96@wisc.edu,eK2v7j2x
Stanislaus,Haslehurst,shaslehurst97@edublogs.org,"eP53,v\?"
Freedman,Matuskiewicz,fmatuskiewicz98@com.com,"yL8%,3&{iqps"
Lawry,Alflat,lalflat99@goo.ne.jp,mH9TLYW=0n
Heidie,Scarffe,hscarffe9a@shareasale.com,xT3)\5P\
Keslie,Murrow,kmurrow9b@npr.org,aY9fg$iJx/DJ$c
Piggy,Janak,pjanak9c@illinois.edu,hT0iC1V!pot
Gabriell,Candwell,gcandwell9d@rambler.ru,mY2=@W1}8!cKZ(J
Kevina,Kendle,kkendle9e@woothemes.com,"aG9x1|~B,)j?"
Neilla,Lacrouts,nlacrouts9f@drupal.org,dV3V@M=$bV\YQMH/
Jerrilyn,Adamiak,jadamiak9g@google.com,iY7<U4ORPPa1n.
Humfrey,Wellen,hwellen9h@tiny.cc,sD7354W$$6
Catlaina,Drewitt,cdrewitt9i@arizona.edu,iZ2EuUO+lz9t<ZX
Rubina,Kyle,rkyle9j@wordpress.com,wJ9goy'/fO3
Marabel,Toor,mtoor9k@unesco.org,oC1(wKfl=Cw!G
Jenifer,Heliar,jheliar9l@sogou.com,qU2/svHi1Xk
Garvin,Casham,gcasham9m@discuz.net,jS8J_eq!C)
Alayne,Minard,aminard9n@live.com,"jC8X,j7%Pk"
Baxie,Handover,bhandover9o@zimbio.com,qT6F`=@c
Adey,Yellop,ayellop9p@google.ca,oL5c(3q~z6E~
Wayland,Widdall,wwiddall9q@weebly.com,hF8LIPR@
Channa,Duffet,cduffet9r@blogs.com,nX4<M.(\
Nester,Patrone,npatrone9s@fda.gov,"vU5<J)N,KztnfK|"
Tedie,Walbridge,twalbridge9t@topsy.com,zH8ks6nMN4>yeUJ
Aurelea,Yvon,ayvon9u@ucsd.edu,lM7j%2e`k30PD2J
Lukas,Nowland,lnowland9v@wunderground.com,nV7Kf'/d'v4\
Britta,Villalta,bvillalta9w@timesonline.co.uk,dW5=Fh4U5k{G`yN
Gale,Kierans,gkierans9x@aol.com,"wU8CkWXwiE""rF"
Rickey,Whifen,rwhifen9y@accuweather.com,nF1VJB>!9T'
Shanie,Abba,sabba9z@berkeley.edu,bH9XcZia3N
Morna,Parmiter,mparmitera0@ameblo.jp,wV4(i<)_`h
Roselle,McGeachie,rmcgeachiea1@sciencedaily.com,"uH0'""MyArVOy<."
Luca,Le Teve,lletevea2@google.es,wL74#Hv*.L6TZ=Y
Karlis,Petersen,kpetersena3@blogtalkradio.com,tE1l5(2}{9m_
Bernita,Milan,bmilana4@arstechnica.com,sH5YycYxME3!d
Suzie,Dourin,sdourina5@home.pl,dH7&FzyS
Cob,Wingfield,cwingfielda6@privacy.gov.au,jN7>DtvB>IA
Babbie,Wodham,bwodhama7@dedecms.com,pM0{#dCWsosh
Vivyan,Gantlett,vgantletta8@huffingtonpost.com,qC0Bnu}@2USyqP\.
Hunfredo,Finby,hfinbya9@constantcontact.com,"uS8VS{,eXr5\"
Heddi,Garrett,hgarrettaa@google.co.jp,uW0cc3~HDt
Ailene,Spratling,aspratlingab@dell.com,eF7IsBdIYH
Hewe,Echalier,hechalierac@tmall.com,mU6|YT0Lfdzq
Essa,Tassell,etassellad@xrea.com,eY5WWEmcLn4U>
Paulie,Probetts,pprobettsae@woothemes.com,rZ9~`i'X|Esy
Chlo,Vanlint,cvanlintaf@bloglines.com,"nQ6T,PM|"
Brnaby,Prester,bpresterag@blogspot.com,qQ0%5z4{cv5*l
Marilin,Van Giffen,mvangiffenah@tripod.com,mL9uk7CeGM`?
Chickie,Tibald,ctibaldai@si.edu,bD1su(xl8#iB
Wake,Reignolds,wreignoldsaj@fema.gov,rV0.Dz|MhF
Gayla,Paulat,gpaulatak@adobe.com,aJ2Axvn*B`K}Jg
Ivette,Giddons,igiddonsal@exblog.jp,tV09.8CZyjQ>
Prudy,Hews,phewsam@yandex.ru,mZ1cuA`>i3DmVyI\
Chilton,Hazeldene,chazeldenean@foxnews.com,"eM7Z""#2KDI5"
Shurlocke,Jorge,sjorgeao@bluehost.com,dV5Dh+EArS
Wendel,Hebblewaite,whebblewaiteap@usa.gov,uG09Fkh?A/Q
Kai,Meijer,kmeijeraq@quantcast.com,aW0rgVRC
Fidole,Rimell,frimellar@posterous.com,hC0X_euZn
Liz,Skipp,lskippas@marketwatch.com,iJ6l5A}/%lp9f2@d
Pernell,Caron,pcaronat@google.com.br,oC4=wm.(TDlDk_DV
Dorothy,Bardnam,dbardnamau@sogou.com,cO1s.j>4Lu@N
Nari,Georgescu,ngeorgescuav@homestead.com,qR3ELi3q=<@_bp6B
Leonid,Lukes,llukesaw@ezinearticles.com,hX69?v@yV3$Xz71
Desdemona,Velten,dveltenax@bloglovin.com,iI10P5K~U7Ip
Garnette,Musprat,gmuspratay@ocn.ne.jp,xE1nqy#.
Clementius,Kleynermans,ckleynermansaz@buzzfeed.com,"wH2,9Q#$$%DNJ\y"
Angela,Fendlen,afendlenb0@arstechnica.com,aQ3}GDcG
Shirley,Arnot,sarnotb1@free.fr,kQ4O+DHXe>%)~
Portie,Nesbeth,pnesbethb2@utexas.edu,cJ7XVp(7U
Merla,Grigoire,mgrigoireb3@unc.edu,tN1>!k}H%@c
Killie,Rewcassell,krewcassellb4@google.es,mV0PntVys
Sada,Keogh,skeoghb5@mac.com,rJ9HlV7+A
Aron,Pipes,apipesb6@tinypic.com,jD3G<5j~gX2<
Honoria,Arnli,harnlib7@simplemachines.org,yW4h}%5O
Lindsey,Renshaw,lrenshawb8@mlb.com,iW4FL4_Mw=R=
Neala,McCully,nmccullyb9@jugem.jp,uU6Fk|0cKN+|FD#
Fred,Getten,fgettenba@google.cn,vG6!@mS_c*c
Verge,Mahady,vmahadybb@eepurl.com,"uK1ZhT,XEww"
Molly,Kulvear,mkulvearbc@ted.com,iQ9)J~cN@IOvwxC
Rhett,Pehrsson,rpehrssonbd@gizmodo.com,lG7c&tC5X8B'
Trace,De Carlo,tdecarlobe@nytimes.com,"eG3ssuy""}aM75xA"
Alverta,Dodds,adoddsbf@un.org,jN4nObfP
Adrea,Mardall,amardallbg@simplemachines.org,pH8A!N<qw>\b/
Jeremiah,Yven,jyvenbh@dell.com,pF9v4Q=9s
Stewart,Filpo,sfilpobi@facebook.com,dD8$6r)(F$6T<>`4
Aubert,Leatherbarrow,aleatherbarrowbj@answers.com,eP7#ae?0xF>B&#
Ignatius,Bickley,ibickleybk@parallels.com,eK0f4Z(sr%
Hersch,Meconi,hmeconibl@home.pl,uM5s?LW4
Regine,Kobu,rkobubm@addthis.com,"bV4Lv#3H.gx,e"
Alyson,Wandless,awandlessbn@shop-pro.jp,hM9GR`W1HogfD.uH
Carolyn,Sambles,csamblesbo@vimeo.com,cK4fQ=77#G.A2AL
Nanette,Eshmade,neshmadebp@1688.com,fC8iqPATbBB#
Kordula,Celez,kcelezbq@wufoo.com,nZ5_%<#!}23
Salome,Roels,sroelsbr@state.tx.us,"jM1SC9/B(pd""dT"
Sibyl,Taylo,staylobs@twitter.com,rB1bP?OV
Zulema,Spencelayh,zspencelayhbt@cpanel.net,rC07U63Uwp<5j3o\
Anitra,Fomichkin,afomichkinbu@skyrock.com,"uQ6\_?HQ""Pa"
Ivie,Kondratyuk,ikondratyukbv@ucla.edu,nV4PM$s<zOr\83?
Tam,Lincoln,tlincolnbw@utexas.edu,bQ6iYiuA
Farrel,Pierucci,fpieruccibx@mac.com,uK1xqtSU~0i6
Peirce,Kumar,pkumarby@go.com,kK0@Svi|
Erin,Celle,ecellebz@vimeo.com,aE2<Hqrf.@b1
Janessa,Bosket,jbosketc0@t-online.de,fT2KAvs~2tuaE
Brunhilda,Imbrey,bimbreyc1@comcast.net,yC3Fyn(lo
Karlene,Clarke,kclarkec2@prweb.com,"dN4qY."">0KQi!w|#"
Frederica,Gossart,fgossartc3@foxnews.com,rD7.DkcR<
Roberta,Bedham,rbedhamc4@amazon.co.uk,eA6fhyUk6`FWi5VZ
Quintilla,Ventris,qventrisc5@fda.gov,iN1`KEzx(aM@$
Dalenna,Vickors,dvickorsc6@google.com,fE3~_hS5tv4P
Chickie,Kerry,ckerryc7@chicagotribune.com,jB3Wg6l{
Sascha,De Gregoli,sdegregolic8@wikipedia.org,mA18'rxtAuM_}
Hillier,Takis,htakisc9@eepurl.com,lD3.'CYN2
Fernanda,Macallam,fmacallamca@shutterfly.com,"dI0J@tet<,DFLgFP"
Lane,Nuttey,lnutteycb@ox.ac.uk,"aQ3i)""6S@"
Ransom,Girsch,rgirschcc@tamu.edu,nR9IXv?LDoo
Madelina,Gottelier,mgotteliercd@newsvine.com,dY7b)sO!1z7
Byrom,Buggy,bbuggyce@oracle.com,gV2w4A97
Gasparo,Wills,gwillscf@phpbb.com,fT47q=X)
Tabitha,Crellin,tcrellincg@independent.co.uk,"gR7<PE,*"
Aurie,Cumbridge,acumbridgech@princeton.edu,dG94_?2WeIg(ia\Z
Mehetabel,Coneley,mconeleyci@japanpost.jp,hG3cwwXk
Burch,Gorvin,bgorvincj@ebay.co.uk,"rL8b,8F.z#Q@*(+"
Randy,Murrum,rmurrumck@nih.gov,eF1W1XLe`G+Z)
Tallia,McKean,tmckeancl@sciencedirect.com,"bC5ix5,<s<wtY"
Paulie,Lukes,plukescm@angelfire.com,iM3p>>X`O
Stacy,Lade,sladecn@drupal.org,"vS8&4Ca,0cTB"
Hillary,Zanni,hzannico@salon.com,"oO0.L<S,H@r3Vm7r"
Merrill,Hechlin,mhechlincp@blogspot.com,vJ8xVq_zCvgY8g~
Feliza,Ratnege,fratnegecq@bigcartel.com,fY9k9I>{%mWeu
Barb,Rubinovitch,brubinovitchcr@dyndns.org,mG2t##+<@)$Fz
Kassandra,Patman,kpatmancs@skyrock.com,pI1VSLur}r++
Porty,Loiterton,ploitertonct@si.edu,nX3u)rCI
Rawley,Dyshart,rdyshartcu@blogtalkradio.com,pI7#NUjEpM
Antonietta,Tolworth,atolworthcv@google.com.au,eP14sOJc
Germayne,Crabtree,gcrabtreecw@a8.net,qU7rYoqczDM=$pY
Lissi,Dewberry,ldewberrycx@lycos.com,tI4.o(Vz
Ophelie,Alison,oalisoncy@4shared.com,wR8anlkm><L
Doretta,Ennion,dennioncz@dailymotion.com,yU99fvVN_
Herb,Farney,hfarneyd0@adobe.com,kS8~mwsj.A%w
Axe,Maffione,amaffioned1@house.gov,"iY4>,6913/V9,."
Tanner,Pailin,tpailind2@stanford.edu,"gL1Ud=""jl\8xA""zD"
Darwin,Ducarel,dducareld3@exblog.jp,rG0#6y8@8Lqn>
Bellina,Carless,bcarlessd4@cpanel.net,tD6|~A.WV07vhIi
Emelia,Mack,emackd5@quantcast.com,fX58(<=KQ(m'<P@
Lance,Durn,ldurnd6@cam.ac.uk,"sF3WROHm$9y""5"
Philly,Gebbe,pgebbed7@i2i.jp,qW9cz\=X2y/6b
Chadd,Capstake,ccapstaked8@diigo.com,rW7v3S_0rQ
Kimmie,Vinick,kvinickd9@google.fr,bV9ntQoi
Alphonso,Fuentez,afuentezda@discovery.com,fN0EIOvy&n3a
Frasier,Amys,famysdb@myspace.com,aB9F{c+A}c{%
Andie,Nary,anarydc@apple.com,mU9DtmiH
Allissa,Berkowitz,aberkowitzdd@clickbank.net,dZ6X(7oT\1gbbcJb
Gael,Vouls,gvoulsde@furl.net,bO4m_#61M'ty.
Fernanda,Wetter,fwetterdf@skype.com,kF231h|0
Timothee,Mazey,tmazeydg@marketwatch.com,"tU29<""Ry"
Liane,Woodwing,lwoodwingdh@creativecommons.org,kG6dRoDY$5nLI@
Thekla,Snewin,tsnewindi@nydailynews.com,gG6c4UxUMK\
Ingrim,Lundon,ilundondj@umn.edu,dW2%rG}bI#($6Ib
Cathie,Piburn,cpiburndk@salon.com,nG1C4r*wy'yyU('
Clary,Mathevon,cmathevondl@cbc.ca,aG0N%/qOcp`+
Stevie,Bachman,sbachmandm@ycombinator.com,"hY7~Qob0X,"
Susette,Brash,sbrashdn@eepurl.com,uW4Qu$oG?`4{O?o
Salome,Dacombe,sdacombedo@geocities.com,nQ3EuLGZ#rz&3c$6
Bea,Perrot,bperrotdp@intel.com,eA4RnLhS9p
Moe,Stelfox,mstelfoxdq@over-blog.com,sD26zjd_xk0q5FV6
Silvana,Essel,sesseldr@cdc.gov,gZ6h#W<E
Tristam,Baiss,tbaissds@google.co.jp,rO1Zyn(eJG
Becca,Solan,bsolandt@gnu.org,xD3BgVsx
Sallee,Seage,sseagedu@paginegialle.it,wK5Q|7SJtOQ*
Roberto,Crabb,rcrabbdv@cam.ac.uk,cZ7K6NY3u
Sherwynd,Gallego,sgallegodw@pagesperso-orange.fr,gK3X+{A/c9P*&<e
Krishna,Tarrant,ktarrantdx@discovery.com,tN6F!uxI9
Reamonn,Nower,rnowerdy@marketwatch.com,xE5>>8`q\0#=
Modestia,Duplock,mduplockdz@creativecommons.org,sT95>ZVKD).a
Andy,Greenway,agreenwaye0@addthis.com,"qJ7gSEK\""'iZ_IQ"
Reggy,MacKibbon,rmackibbone1@symantec.com,bA8VM<1gb
Essy,Vale,evalee2@paginegialle.it,mL9+AgyL?+/6Y
Raynor,MacPeake,rmacpeakee3@nationalgeographic.com,bP5?v%wnacL$
Gilly,Vanyashkin,gvanyashkine4@imgur.com,oB1UduCB|/}eu_
Catlaina,De Metz,cdemetze5@github.io,vQ2PP{z5>\)OAf
Tuesday,Shrubsall,tshrubsalle6@amazon.co.jp,aB94KWni(
Brockie,Mattingly,bmattinglye7@opera.com,lX905u!ZMWlm
Callida,Noon,cnoone8@indiegogo.com,"oF7#p`>p!B,CF"
Jud,Chugg,jchugge9@psu.edu,jC9W+?Sm
Corbie,Burnett,cburnettea@multiply.com,zX0#b=GW\D@|r1
Isac,Grosier,igrosiereb@wikipedia.org,lM1S`N}03$~
Klaus,Royce,kroyceec@ihg.com,yG6pcv9R_
Merell,Edinborough,medinboroughed@icio.us,oH1MBW)bxbS?yyCF
Even,Muff,emuffee@stanford.edu,fG1ct7&B`#zcW
Gawen,Stubbes,gstubbesef@studiopress.com,aW9`QJIsii(qs
Debera,Dunkerton,ddunkertoneg@youtu.be,bG2Y<7hk
Alvinia,Eicheler,aeichelereh@senate.gov,sH7#ExOHhh'!~6
Gallagher,Pantry,gpantryei@thetimes.co.uk,cV2!nWq&#
Frederick,Bassingham,fbassinghamej@ftc.gov,iI7kaew98hYrOE
Phyllida,Jeffers,pjeffersek@psu.edu,jK2E@ZE9Hi}
Gabriele,Maffy,gmaffyel@businessweek.com,zT2U0JkoKuo
Rey,Skim,rskimem@chronoengine.com,wZ7ixdkZ8
Philomena,Waker,pwakeren@canalblog.com,yN33!M<BV3cC3gY
Dar,Finey,dfineyeo@mapquest.com,hN3tO\SuhHJ2n
Cherida,Maunsell,cmaunsellep@soup.io,"nU6(,}2JL\?wdGu"
Munroe,Pottiphar,mpottiphareq@mozilla.org,"eF96LH""5Av4,4K"
Harv,O'Connell,hoconneller@twitpic.com,aX4/VrFJI.g!nh
Nelie,Udall,nudalles@youku.com,oI7c7Fj<jC
Maggie,Hufton,mhuftonet@sphinn.com,oR8QyYh\n=Q!
Winnie,Dinse,wdinseeu@plala.or.jp,tZ1EP*bj5TI~FV
Lyda,McCawley,lmccawleyev@whitehouse.gov,iV3KOjTH%_OhIa
Paulie,Ceillier,pceillierew@blogspot.com,sC0y~SZ8C>
Saidee,Maith,smaithex@t-online.de,zC9.$4&/F=H
Emilie,Hawse,ehawseey@hao123.com,oZ2bAPo}|t/IO
Emmalynne,Dryburgh,edryburghez@prlog.org,bH6k{$!14s73@WzR
Waiter,Tomaschke,wtomaschkef0@vkontakte.ru,eW11PyreWM1
Vittorio,Georgescu,vgeorgescuf1@cargocollective.com,rP4M4${<
Wilfred,Kidder,wkidderf2@amazonaws.com,aI3|OBf\YZwMT`!
Andria,Geldeford,ageldefordf3@rediff.com,gB7OF&+U2
Sheba,Barkworth,sbarkworthf4@nytimes.com,"mG8"")xi?LD7S"
Shelba,Spottswood,sspottswoodf5@yahoo.com,zW2jDo?98'tQewQ`
Marty,Marti,mmartif6@epa.gov,"tH1JIZq""!9t~T"
Gaylor,McAvin,gmcavinf7@infoseek.co.jp,rD1i\9tG5D(}QZd
Free,Lampbrecht,flampbrechtf8@yahoo.com,aT4'?JYd=~=ctmL
Celie,Rump,crumpf9@sourceforge.net,lD6h$VlP)
Izak,Cotterell,icotterellfa@dyndns.org,"jN2N@c#C4""G=$\"
Roselin,Scawton,rscawtonfb@auda.org.au,aN6WbP%o2NnXC_pI
Gonzalo,Wissbey,gwissbeyfc@techcrunch.com,gA0nK&8x=>Fjx93
Amara,Gage,agagefd@paginegialle.it,lO2dn#k|D{K/N
Lauren,Pepper,lpepperfe@theatlantic.com,iL3EM%!S$F0l2M
Cleavland,Windous,cwindousff@sitemeter.com,yN6qlJO)WFV<a
Hyacinthe,Thowes,hthowesfg@opera.com,wI6*~/5$P+lX1e
Lusa,Coveny,lcovenyfh@dagondesign.com,hU4>+dzJ5t(Gw{
Norri,Narramor,nnarramorfi@umich.edu,gE3|=~EtIWAH7
Marten,Vittery,mvitteryfj@blogspot.com,"rW13zaS,hXbY0{9T"
Engracia,Ivakhno,eivakhnofk@mediafire.com,mL9PGVPJI
Giacopo,Danihelka,gdanihelkafl@nasa.gov,"eZ1+lBv2rx8,LV"
Karon,Perrycost,kperrycostfm@omniture.com,"vE8L,""jU"
Chrisy,Smalley,csmalleyfn@bbc.co.uk,"dZ8zRw,IlI}$Fxe"
Aubrette,Paylie,apayliefo@utexas.edu,"zP2dz&1<m',f"
Sarita,Byrnes,sbyrnesfp@sbwire.com,aC9*{`o09NO
Jared,Orbon,jorbonfq@upenn.edu,vQ49wN70BB
Hilary,Riolfi,hriolfifr@elpais.com,kO1bp1FLx9O'
Hettie,Denyukhin,hdenyukhinfs@umn.edu,mG6oHOZJ\b+8l
Evyn,Wisam,ewisamft@topsy.com,oY4J~<Wks
Annie,Steinor,asteinorfu@vkontakte.ru,"nY2'Hyr,|YAYEG%"
Maren,Enga,mengafv@simplemachines.org,uA3>lqGiz
Buddie,McKevitt,bmckevittfw@icq.com,wV2v7VR5Uk8VI
Brigham,Mc Carrick,bmccarrickfx@shutterfly.com,uY7jzF3W
Janey,Maltster,jmaltsterfy@dagondesign.com,iN1}MbebkRb&U
Ber,Oxberry,boxberryfz@aol.com,qI2\W')0
Kerstin,Seyfart,kseyfartg0@ted.com,nM7r*%X?)r
Gardner,Wadhams,gwadhamsg1@acquirethisname.com,gF4iOZP$(Z
Merilyn,Cawkwell,mcawkwellg2@ebay.com,wU89tLr2
Aggi,Harrington,aharringtong3@reuters.com,zF1|KnNOt
Belva,Able,bableg4@merriam-webster.com,mD3KZ~n%D29V
Shanon,Myrtle,smyrtleg5@epa.gov,lK8r_|IpK!SB2h
Ludovika,Sarginson,lsarginsong6@mysql.com,fH3r8<1{G=Z
Parry,Snoxall,psnoxallg7@java.com,yX6/cnlq7P)oJfDy
Luis,Hug,lhugg8@chronoengine.com,nD8#3r8J49*#
Lotti,Bloyes,lbloyesg9@xing.com,"iS3Ir,i.y)qT{q"
Somerset,Dearman,sdearmanga@webs.com,iZ8t1m|q&Id{cU\
Ward,Messenger,wmessengergb@rediff.com,kM3C.IRf9V
Violante,Pepler,vpeplergc@simplemachines.org,gG2C@6+Mi$
Drucill,Boyan,dboyangd@wikipedia.org,nC3eVkNnYl5|.bm
Clerc,Paolicchi,cpaolicchige@upenn.edu,pY9(w>X(Au@JBwD
Ephraim,Odom,eodomgf@apache.org,"fV9ehz"".%"
Talyah,Newberry,tnewberrygg@dell.com,"nP3PB,zN$H_Tq8"""
Jan,Twoohy,jtwoohygh@pbs.org,mX5XMrr|Gj
Melodee,Mottram,mmottramgi@ibm.com,bF4Y48(!LOhKd
Serene,Platt,splattgj@theguardian.com,"oE5uar,_%Fk`"
Trudey,Beaument,tbeaumentgk@weather.com,fR7~.I1PL69PQ}xE
Bradney,Tschersich,btschersichgl@ow.ly,jF5Ts.Ma
Stafford,Corrado,scorradogm@weebly.com,"jY3g""SF8hA"
Hunt,Mathen,hmathengn@merriam-webster.com,"oT1?asd'""Ga""o"
Jacquelyn,Domenichelli,jdomenichelligo@blogspot.com,vJ70LNec`kvsWwGb
Salomone,Warboy,swarboygp@forbes.com,zW2=M(xGf
Dorolisa,Kemitt,dkemittgq@wsj.com,kA3EN?HOQ'Uo
Crosby,Gurery,cgurerygr@simplemachines.org,gB4<\#/>CsL==kg
Iain,Cribbins,icribbinsgs@yelp.com,mR1Gi#|MGnVb)
Joey,Durban,jdurbangt@nifty.com,dV7rdkFz3>Fko
Doll,Elvey,delveygu@utexas.edu,rU9D3rO{
Evan,Stoaks,estoaksgv@home.pl,xE5X?8A7X
Patton,Lathleiff,plathleiffgw@trellian.com,mC6NZi6msYoZB
Bruce,Beckles,bbecklesgx@imdb.com,lD3NtIkbU2I/44>
